{
  "num_topics": 8,
  "topics": [
    {
      "topic_id": 1,
      "keywords": [
        "人类",
        "风险",
        "奶茶",
        "算力",
        "老师",
        "发现",
        "弹幕",
        "赛博",
        "相比",
        "GPT",
        "难道",
        "确认",
        "千问",
        "更加",
        "学会"
      ],
      "probabilities": [
        0.1014999970793724,
        0.033900000154972076,
        0.029999999329447746,
        0.024299999698996544,
        0.021299999207258224,
        0.020400000736117363,
        0.01850000023841858,
        0.017899999395012856,
        0.013299999758601189,
        0.012400000356137753,
        0.01209999993443489,
        0.01209999993443489,
        0.011900000274181366,
        0.011699999682605267,
        0.011599999852478504
      ]
    },
    {
      "topic_id": 2,
      "keywords": [
        "ai",
        "一个",
        "危险",
        "感觉",
        "资历",
        "不会",
        "需要",
        "任务",
        "使用",
        "机器人",
        "故事",
        "一下",
        "执行",
        "程序",
        "要求"
      ],
      "probabilities": [
        0.06480000168085098,
        0.061900001019239426,
        0.03180000185966492,
        0.030799999833106995,
        0.0215000007301569,
        0.019600000232458115,
        0.018400000408291817,
        0.01769999973475933,
        0.014000000432133675,
        0.013299999758601189,
        0.012400000356137753,
        0.01140000019222498,
        0.010700000450015068,
        0.010599999688565731,
        0.009600000455975533
      ]
    },
    {
      "topic_id": 3,
      "keywords": [
        "知道",
        "直接",
        "龙虾",
        "上下文",
        "肯定",
        "文件",
        "能力",
        "进化",
        "工具",
        "自我",
        "完成_任务",
        "doge",
        "大人",
        "确实",
        "间谍"
      ],
      "probabilities": [
        0.06019999831914902,
        0.05700000002980232,
        0.045099999755620956,
        0.026599999517202377,
        0.024700000882148743,
        0.022700000554323196,
        0.0210999995470047,
        0.02019999921321869,
        0.01979999989271164,
        0.016699999570846558,
        0.015599999576807022,
        0.015399999916553497,
        0.014399999752640724,
        0.014399999752640724,
        0.01360000018030405
      ]
    },
    {
      "topic_id": 4,
      "keywords": [
        "问题",
        "权限",
        "豆包_手机",
        "skills",
        "安全",
        "有点",
        "厉害",
        "skill",
        "可爱",
        "维斯",
        "估计",
        "哈哈哈哈",
        "重要",
        "解决",
        "意思"
      ],
      "probabilities": [
        0.06159999966621399,
        0.06080000102519989,
        0.04170000180602074,
        0.02710000053048134,
        0.02710000053048134,
        0.02630000002682209,
        0.021299999207258224,
        0.0203000009059906,
        0.01940000057220459,
        0.01769999973475933,
        0.016599999740719795,
        0.01590000092983246,
        0.015699999406933784,
        0.015599999576807022,
        0.015599999576807022
      ]
    },
    {
      "topic_id": 5,
      "keywords": [
        "AI",
        "智能",
        "不能",
        "已经",
        "不行",
        "企业",
        "视频",
        "记忆",
        "自动",
        "控制",
        "训练",
        "小孩",
        "赚钱",
        "肉鸡",
        "MOD"
      ],
      "probabilities": [
        0.1031000018119812,
        0.04190000146627426,
        0.04190000146627426,
        0.031099999323487282,
        0.025299999862909317,
        0.02250000089406967,
        0.019300000742077827,
        0.01720000058412552,
        0.017000000923871994,
        0.01640000008046627,
        0.01600000075995922,
        0.01510000042617321,
        0.014800000004470348,
        0.013100000098347664,
        0.012199999764561653
      ]
    },
    {
      "topic_id": 6,
      "keywords": [
        "模型",
        "token",
        "现在",
        "信息",
        "没有",
        "豆包",
        "整理",
        "不用",
        "差不多",
        "小龙虾",
        "公司",
        "存在",
        "个人",
        "越来越",
        "minimax"
      ],
      "probabilities": [
        0.06210000067949295,
        0.04809999838471413,
        0.03790000081062317,
        0.031300000846385956,
        0.025699999183416367,
        0.024900000542402267,
        0.02199999988079071,
        0.021199999377131462,
        0.020600000396370888,
        0.018300000578165054,
        0.016300000250339508,
        0.01590000092983246,
        0.015799999237060547,
        0.012400000356137753,
        0.011900000274181366
      ]
    },
    {
      "topic_id": 7,
      "keywords": [
        "过程",
        "木马",
        "可怕",
        "指令",
        "隐私",
        "工作",
        "cookie",
        "记录",
        "超级",
        "技术",
        "密码",
        "只能",
        "电影",
        "干净",
        "不到"
      ],
      "probabilities": [
        0.02759999968111515,
        0.027300000190734863,
        0.021700000390410423,
        0.020800000056624413,
        0.019899999722838402,
        0.016899999231100082,
        0.016200000420212746,
        0.015699999406933784,
        0.014700000174343586,
        0.014499999582767487,
        0.014299999922513962,
        0.0142000000923872,
        0.0142000000923872,
        0.013199999928474426,
        0.013000000268220901
      ]
    },
    {
      "topic_id": 8,
      "keywords": [
        "电脑",
        "学习",
        "病毒",
        "天网",
        "东西",
        "有人",
        "软件",
        "时代",
        "好像",
        "以后",
        "炒作",
        "完全",
        "意外",
        "实名",
        "数据"
      ],
      "probabilities": [
        0.04349999874830246,
        0.03889999911189079,
        0.03590000048279762,
        0.03229999914765358,
        0.028999999165534973,
        0.022099999710917473,
        0.020099999383091927,
        0.01979999989271164,
        0.01889999955892563,
        0.01860000006854534,
        0.016100000590085983,
        0.016100000590085983,
        0.01510000042617321,
        0.011099999770522118,
        0.010999999940395355
      ]
    }
  ],
  "total_documents": 3366,
  "bigram_count": 152,
  "coherence_score": 0.6518,
  "coherence_history": [
    [
      3,
      0.552945074094426
    ],
    [
      4,
      0.5679746831307833
    ],
    [
      5,
      0.6016828162304204
    ],
    [
      6,
      0.6122062957080022
    ],
    [
      7,
      0.6054545077970611
    ],
    [
      8,
      0.6135433943334925
    ]
  ],
  "dictionary_size": 1406
}